Flow,Throughput,averageDelay,deliveryRatio,DropRatio
10,234394 , 0.0148444 , 0.9875 , 0.0116667
20,71800.9 , 0.0112005 , 0.970588 , 0.0294118
30,123825 , 0.0124975 , 0.978125 , 0.021875
40,182181 , 0.014948 , 0.981876 , 0.0181237
50,133508 , 0.0134759 , 0.981105 , 0.0188953
