Flow,Throughput,averageDelay,deliveryRatio,DropRatio
10,198194 , 0.0121624 , 0.990119 , 0.00988142
20,80504.7 , 0.012291 , 0.978365 , 0.0216346
30,206133 , 0.0177385 , 0.920354 , 0.0442478
40,91189 , 0.0144502 , 0.980851 , 0.0191489
50,82485.4 , 0.0151071 , 0.983491 , 0.0165094
