Node,Throughput,averageDelay,deliveryRatio,DropRatio
20,34416.6 , 0.0213062 , 0.95082 , 0.0491803
40,60132.6 , 0.0132274 , 0.971246 , 0.028754
60,91583.5 , 0.00986383 , 0.980932 , 0.0190678
80,103649 , 0.00856291 , 0.984962 , 0.0150376
100,136683 , 0.0066933 , 0.985735 , 0.0142653
