Node,Throughput,averageDelay,deliveryRatio,DropRatio
20,41142.1 , 0.0210485 , 0.962963 , 0.037037
40,119869 , 0.0118281 , 0.978998 , 0.0193861
60,130353 , 0.00959522 , 0.983582 , 0.0164179
80,160814 , 0.00774708 , 0.990256 , 0.00974421
100,136680 , 0.00682292 , 0.985735 , 0.0142653
