Packet,Throughput,averageDelay,deliveryRatio,DropRatio
100,199192 , 0.0133779 , 0.985323 , 0.0146771
200,72989.6 , 0.0127193 , 0.97619 , 0.0238095
300,137074 , 0.012005 , 0.982979 , 0.0156028
400,72989.6 , 0.0127193 , 0.97619 , 0.0238095
500,157448 , 0.0135717 , 0.981504 , 0.0184957
