Packet,Throughput,averageDelay,deliveryRatio,DropRatio
100,160025 , 0.0120263 , 0.979419 , 0.0205811
200,72198.3 , 0.0122426 , 0.975936 , 0.0240642
300,59537.7 , 0.0123611 , 0.967846 , 0.0321543
400,59538.5 , 0.0121833 , 0.967846 , 0.0321543
500,85054.3 , 0.01214 , 0.979499 , 0.0205011
