Flow,Throughput,averageDelay,deliveryRatio,DropRatio
10,4.24697e+06 , 0.078382 , 0.984348 , 0.0109087
20,4.29853e+06 , 0.0829601 , 0.972394 , 0.0229896
30,4.36277e+06 , 0.0876276 , 0.961604 , 0.0346282
40,4.39957e+06 , 0.0873585 , 0.954133 , 0.0420812
50,4.43104e+06 , 0.0858599 , 0.947697 , 0.0476273
