Flow,Throughput,averageDelay,deliveryRatio,DropRatio
10,4.24399e+06 , 0.0757515 , 0.983591 , 0.0114768
20,4.30916e+06 , 0.0827626 , 0.973088 , 0.0223963
30,4.36885e+06 , 0.0879229 , 0.961394 , 0.0344858
40,4.40159e+06 , 0.0884282 , 0.953898 , 0.0424072
50,4.44284e+06 , 0.087056 , 0.946188 , 0.050276
