Node,Throughput,averageDelay,deliveryRatio,DropRatio
20,4.30084e+06 , 0.0814666 , 0.973487 , 0.0216166
40,4.3115e+06 , 0.0816036 , 0.972028 , 0.0229113
60,4.31149e+06 , 0.0816359 , 0.971939 , 0.0229092
80,4.31082e+06 , 0.0822322 , 0.972739 , 0.022564
100,4.30432e+06 , 0.0834188 , 0.973417 , 0.0221525
