Node,Throughput,averageDelay,deliveryRatio,DropRatio
20,4.30463e+06 , 0.0828417 , 0.974049 , 0.0221648
40,4.31362e+06 , 0.081488 , 0.972399 , 0.0226332
60,4.31646e+06 , 0.0816658 , 0.971791 , 0.0231554
80,4.31243e+06 , 0.0816759 , 0.972123 , 0.0229092
100,4.31194e+06 , 0.0815092 , 0.972209 , 0.0227294
