Packet,Throughput,averageDelay,deliveryRatio,DropRatio
100,4.30706e+06 , 0.0848958 , 0.972716 , 0.022214
200,4.30788e+06 , 0.0822664 , 0.972273 , 0.0226603
300,4.30625e+06 , 0.0826081 , 0.972084 , 0.0229409
400,4.29026e+06 , 0.0834453 , 0.973333 , 0.0228704
500,4.2969e+06 , 0.0827449 , 0.973013 , 0.0224584
