Packet,Throughput,averageDelay,deliveryRatio,DropRatio
100,4.30743e+06 , 0.0851286 , 0.973706 , 0.021681
200,4.29893e+06 , 0.0833069 , 0.974466 , 0.0221112
300,4.31571e+06 , 0.0815424 , 0.971964 , 0.0229801
400,4.3141e+06 , 0.0824097 , 0.972043 , 0.0228987
500,4.30796e+06 , 0.0830206 , 0.973619 , 0.0223227
